<?xml version="1.0" encoding="UTF-8" standalone="no"?>
<drjava version="drjava-20140826-r5761">
  <project autorefresh="true" build="bin/" main="taller.Main" manifest="" root="src/" work="data/">
    <createjar file="taller.jar" flags="12"/>
    <source>
      <file active="true" name="taller/Animal.java" package="taller" timestamp="27-Jul-2015 02:20:29">
        <select from="179" to="179"/>
        <scroll column="0" row="0"/>
      </file>
      <file name="taller/test/MainTest.java" package="taller.test" timestamp="26-Jul-2015 23:41:24">
        <select from="179" to="179"/>
        <scroll column="0" row="0"/>
      </file>
      <file name="taller/Main.java" package="taller" timestamp="27-Jul-2015 02:20:29">
        <select from="179" to="179"/>
        <scroll column="0" row="0"/>
      </file>
      <file name="taller/Serpiente.java" package="taller" timestamp="27-Jul-2015 02:20:29">
        <select from="179" to="179"/>
        <scroll column="0" row="0"/>
      </file>
      <file name="taller/Reptil.java" package="taller" timestamp="27-Jul-2015 02:20:29">
        <select from="179" to="179"/>
        <scroll column="0" row="0"/>
      </file>
      <file name="taller/Mamifero.java" package="taller" timestamp="27-Jul-2015 02:20:29">
        <select from="179" to="179"/>
        <scroll column="0" row="0"/>
      </file>
      <file name="taller/Jaguar.java" package="taller" timestamp="27-Jul-2015 02:20:29">
        <select from="179" to="179"/>
        <scroll column="0" row="0"/>
      </file>
      <file name="taller/Orangutan.java" package="taller" timestamp="27-Jul-2015 02:20:29">
        <select from="179" to="179"/>
        <scroll column="0" row="0"/>
      </file>
    </source>
    <included/>
    <excluded/>
    <collapsed>
      <path name="./[ Source Files ]/taller/test/"/>
    </collapsed>
    <classpath>
      <file absolute="false" name="../lib/hamcrest-core-1.3.jar"/>
      <file absolute="false" name="../lib/junit-4.12.jar"/>
    </classpath>
    <breakpoints/>
    <watches/>
    <bookmarks/>
    <preferences/>
  </project>
</drjava>
